,p_prism,p_gpm,p_dmet,p_chirps,p_psn,aet_modis,aet_gldas,aet_tc,aet_fldas,sm_smos,sm_smap,sm_tc,sm_gldas,r_tc,r_gldas,r_fldas,r_ecmwf
2001-01-31,0.198849071427426,0.2638774863007287,0.21859553124406586,0.20816843183969427,0.3285009404618699,0.0483422175698255,0.04911986548061615,0.13154951806837595,0.06906095367371251,,,0.11282745617709176,1.438191670371845,0.018129209687415694,0.003827457634833926,0.01173770957948867,3.518437785726273e-07
2001-02-28,0.21684772080022496,0.3115029009749265,0.226806006671619,0.21572653876587455,0.3524619953010653,0.08212617292641529,0.07112643809953942,0.16755293514645425,0.10027446507342185,,,0.12326195128279843,1.6354637234780103,0.01369495978171373,0.009670670197957532,0.016784113653421306,3.981376995108216e-07
2001-03-31,0.05961749070721765,0.11001971812410065,0.049050191494315346,0.09640067726190908,0.1759428499834543,0.17213426140544585,0.20344589798331386,0.11310588248623024,0.19343694353415106,,,0.09189490176160628,1.8918301055270073,0.00666084016595687,0.00983156628667168,0.0015674982148728613,4.0303345877879155e-07
2001-04-30,0.13866455949493853,0.18954206071370489,0.15356963648343855,0.11181760675306922,0.13608965047272878,0.12102979829080945,0.233655949852143,0.16910558279468088,0.1531628605805657,,,0.07351069506780862,1.77854958772593,0.012249156478960797,0.011261111560236443,0.011933334465534585,6.326421985243055e-07
2001-05-31,4.611182586981973e-06,0.004961826856806983,0.0,0.016860141726400827,0.012063146726697373,0.1187058367181133,0.26530346922739545,0.017267447599965617,0.0959804699689077,,,0.06135492390590746,1.5663272317252748,1.0036825882352941e-07,0.005364853138469638,0.000250874051478909,4.077813197823599e-07
2001-06-30,0.0,0.000572964004477462,0.0,0.00503431797333298,0.0008456515609083817,0.05430114441972305,0.12402832598396382,0.010107111709859095,0.025014079919965012,,,0.04979616401608784,1.377599286288848,0.0,0.0036254867892812994,9.984022388487595e-05,2.3817100183730266e-07
2001-07-31,0.005371762901854381,0.014786289159838498,0.005564741733862819,0.0025145904659690937,0.012253866251529019,0.14634967173363447,0.06191790931419006,0.008060427380802978,0.010230838543157957,,,0.04296820751179294,1.2917116876872379,9.842181458823531e-06,0.0030320431944814274,9.488744389399952e-05,1.4536031818670384e-07
2001-08-31,0.0,0.0008602824480537002,0.0,0.003154698641685292,0.0009425816425910001,0.08842529855218406,0.020911551665185848,0.005977810292994835,0.005003933410602008,,,0.038008648548191366,1.2420826477913476,0.0,0.0026443741121153297,9.265581600060626e-05,8.856935948022722e-08
2001-09-30,2.856574915974036e-07,0.001351481142878694,0.0,0.01154159301422883,0.002645104821511654,0.0753504030734084,0.012217402222413694,0.005588407752084051,0.0027091056318334136,,,0.03413451269140079,1.217057417556258,0.0,0.0023388335255365308,0.00010318652795944435,6.050904940547475e-08
2001-10-31,0.022765560606750893,0.03456018374190257,0.023581716939998228,0.04908452689428459,0.03945700571639056,0.03798792256230346,0.013236979566359145,0.020085604210379766,0.008223845620498915,,,0.03086143877601882,1.2085442594630562,6.785546916470588e-05,0.002499039099356927,0.0015910011823648423,5.423282363485753e-08
2001-11-30,0.16659186767731984,0.21252576317867777,0.20505503039147757,0.1792681688864682,0.2309174222839182,0.048204893931945755,0.039987601035693675,0.16703346251076012,0.07176196098435828,,,0.03945698831821805,1.292451889728533,0.013488609869317653,0.0046335359053949685,0.011299834335886017,3.652742877113811e-07
2001-12-31,0.23901636204464674,0.2785110376108278,0.2320674268955468,0.23131574151992348,0.3011344249576612,0.04201915125432105,0.02960727005795641,0.11592823415656237,0.07779597689606442,,,0.07114431363513726,1.509780235706339,0.013035976986113735,0.006124402526442616,0.00797929369238829,5.096673822857386e-07
2002-01-31,0.08535150309107203,0.09725129731358782,0.08977307844837111,0.10602096047942738,0.08780804463036446,0.05735654478058554,0.049803979879596096,0.06491529084610488,0.0759778608620701,,,0.06475598841735529,1.7413464850604365,0.004917360242470591,0.0029321319829779873,0.008834235481387289,2.078217703465333e-07
2002-02-28,0.023213469256154938,0.04355024082157604,0.0331481650784929,0.043449945084336444,0.04718712191990975,0.10296175370764936,0.1126525977521166,0.03499181366548335,0.11734876649825489,,,0.053916382843281575,1.701342373678599,0.0005773630392117647,0.0027300957839763995,0.002173530031225271,2.1820549015066227e-07
2002-03-31,0.09230881118536717,0.1260270234067194,0.10171067426212713,0.10075312924759092,0.09490569987094438,0.1178041033040416,0.19358425041425725,0.07220402593500086,0.15797642616934598,,,0.04708698312222118,1.6554497306216207,0.005366307103356868,0.0033336494267660523,0.0072251272203886045,4.548873758255575e-07
2002-04-30,0.031203911016935256,0.05646519813852658,0.025816509426543344,0.04259920272519232,0.03652923441766942,0.10606588069517522,0.21212359261469557,0.05629506055658081,0.13447919196158845,,,0.04223644864110431,1.5157731464877156,0.004769561393878433,0.0021423543066563574,0.0006743974307384627,3.0830031129117154e-07
2002-05-31,0.015506506683972715,0.03742956739458527,0.02325931137763726,0.022605765865866875,0.022791646244806833,0.12560729683597768,0.15445843225109468,0.024216643296712366,0.06450847722216872,,,0.03674785904278589,1.3761450045777037,0.0005078934317803922,0.0018242447700617223,0.0002805635380707229,2.3318271597753786e-07
2002-06-30,0.0037443276240333796,0.005942475039323179,0.0,0.006030730495488609,0.006951258877604406,0.12584325561879853,0.07290046020933204,0.005071396302998482,0.027614262460914023,,,0.032367655537643925,1.2652799476465482,0.0,0.0015257218544404878,0.0001275084384062361,1.5467846473177717e-07
2002-07-31,0.0,0.0005567680002855678,0.0,0.0022200943005535475,0.0004829837669406904,0.11231910771499945,0.027951924225748312,0.003754485780667001,0.008904950299521298,,,0.028153830709207846,1.2019106847231054,0.0,0.0014499422288819829,8.448256737620279e-05,9.90517173714315e-08
2002-08-31,0.0,0.0006290800899649678,0.0,0.0031532624639499657,0.000863637771720225,0.08709935142256668,0.012024145789171001,0.003169159034479746,0.004009098737634649,,,0.025827786917446277,1.1683763189342065,0.0,0.0013701835534951682,8.191754801658556e-05,6.391613746857549e-08
2002-09-30,4.7421935698399255e-06,0.0012669004260928809,0.0,0.01155850501465055,0.00010524879212251091,0.0746964836517299,0.006950639631544075,0.003030571458548649,0.0023242269069229217,,,0.023889801876178823,1.1512060475056063,0.0,0.0012695911506179177,8.263673115576759e-05,4.5907595521522967e-08
2002-10-31,2.5771375972484046e-05,0.0038510467367633768,0.0,0.02051809090427384,0.00017600397287299407,0.036782632442525186,0.00424607312021249,0.002515647296211464,0.008469315934527703,,,0.022061171916799998,1.1440711439580595,0.0,0.0012636367580652838,0.00019874842654987973,3.512438779413093e-08
2002-11-30,0.16302378503781367,0.2552749892252036,0.18908852724560607,0.1500603096840077,0.31740527470341534,0.042606839805552944,0.0524966470597894,0.16128707647053306,0.05420498856041636,,,0.028769489593123136,1.277761248812216,0.012854031796800008,0.00874424534553498,0.012388204605222866,6.715544755870212e-07
2002-12-31,0.15362372597586307,0.25727755078576503,0.19535108716779473,0.16387644904397417,0.35668797666956487,0.05186599434539473,0.06295578733432572,0.11538151079394901,0.06874085627816398,,,0.07717562797357175,1.510111003910774,0.014151020670254902,0.006439011255618297,0.007498130371967396,2.6283114265967185e-07
2003-01-31,0.023524752903743874,0.02686471018755525,0.01993340798420724,0.05097754445904459,0.02350233687679671,0.033536942876111774,0.08233904536812654,0.02897226866116407,0.06828931978223375,,,0.0631684681615561,1.6722415485078421,0.0003977652121411764,0.0016023833175872228,0.0008282842705619994,5.809902666190558e-08
2003-02-28,0.12545936350215214,0.21808220210651688,0.14638984175771144,0.173872818744259,0.21586119349902153,0.1192265707838539,0.13168404309691872,0.152308131727335,0.11884608543516326,,,0.0625718973387796,1.7223722166628626,0.012413265154768649,0.005772569615238223,0.007272431404566892,1.6531456730692028e-07
2003-03-31,0.06528014376359641,0.10945846881311,0.07404847607435056,0.08160909947912566,0.11957633655641645,0.14251865935625402,0.23796072590993989,0.06847673484536151,0.15690795191405602,,,0.05248758803757177,1.734663815687099,0.005208057549686277,0.005902113301492221,0.0046137887129289795,2.917622266655433e-07
2003-04-30,0.13804099974707493,0.20624327826463526,0.15732427984788253,0.11495171386065932,0.20289215011316117,0.09887823712027505,0.24809542083846264,0.17640272863288137,0.13003171815492945,,,0.04728409334643452,1.6728172810870445,0.014467679581847057,0.0057044183574852456,0.01354289964892027,3.062700877905465e-07
2003-05-31,0.08423914886261512,0.10207747570119782,0.08526104250555355,0.0450804716842077,0.1043783516866844,0.11997794350055767,0.2821365219691108,0.06504808067144936,0.1106425298770999,,,0.04145672309820235,1.573344408741269,0.005094011547396082,0.004041175248112326,0.0020662683373059623,4.53093569569856e-07
2003-06-30,5.3175116793190616e-05,0.0006471153622566686,0.0,0.005044460561052874,0.0012262700486565833,0.12009355902748536,0.15649961486080557,0.004827637979815664,0.032593337531418826,,,0.03463101489553568,1.3635519738017234,0.0,0.0025795351882587246,0.00010690432919851788,2.3142009787056212e-07
2003-07-31,0.001517301826601815,0.017272571001582162,0.0010569978526496014,0.002982423741610614,0.0247103836331972,0.08063084392212108,0.07029108066314682,0.0042450604232519284,0.011932237374462761,,,0.030075951335303528,1.2489181106210987,0.0,0.0020350165732880335,8.533204184757726e-05,1.3190260830379654e-07
2003-08-31,0.00388049160719295,0.01643433250427806,0.00016240481452441672,0.003522727036204951,0.021605668735266627,0.12928235706054528,0.05354034815057579,0.00562906740618132,0.007007731336368623,,,0.02704670111944784,1.2102804103860305,1.2053327090196079e-05,0.001719315081654176,7.931549676551754e-05,8.070628194562032e-08
2003-09-30,0.0017859570160567155,0.00725070451984466,0.000237830032320794,0.013142132377602679,0.004497203049104256,0.08307006078667194,0.019509303462259448,0.004527445483130729,0.0037112679468502396,,,0.024845020121449412,1.179763940942179,0.0,0.0014667010574133017,8.788150946729037e-05,5.167899810187302e-08
2003-10-31,0.00016596735318971577,0.0038140553145741495,0.006962119922176954,0.02092372197247014,0.002417148173970617,0.03985594328041374,0.007023603701161456,0.0035147738980348064,0.0028373945441639847,,,0.023025886405571766,1.164569259100772,0.0,0.0013856843816435328,8.923996621286982e-05,3.828705269697951e-08
2003-11-30,0.0565636595181771,0.08317569177464064,0.048890541328699,0.07533727735358031,0.0844391603337516,0.06162720705255197,0.029321541293383394,0.06630138883933684,0.03938985769548536,,,0.022970133589935687,1.1863364721425063,0.005403306453980399,0.0017125571400462695,0.0024813368908993792,6.73375876584759e-08
2003-12-31,0.18371804621666993,0.27077589143542774,0.2042605815191216,0.14690509277849323,0.2790975096718756,0.0405543620754039,0.049450000512576565,0.11922274435774484,0.05954564361033172,,,0.06087665410931451,1.3216210077623927,0.013474337848070587,0.005536107517534819,0.0077865648481710015,4.982852496474902e-07
2004-01-31,0.09295277182465214,0.10653621914382513,0.07765193090465927,0.11755376833655601,0.11087291712201483,0.046362455370925225,0.05769929901810283,0.07940176173217281,0.07188245206935275,,,0.05733625312838275,1.5593544343444266,0.005880375031235304,0.0024832336403579625,0.004664972746551737,1.5474247995847767e-07
2004-02-29,0.21085331254843703,0.3051919558847767,0.2327960460202166,0.22540951114786542,0.4042213356689215,0.10488465320684931,0.08509015931491905,0.17292187812561166,0.12048284035480153,,,0.08108111592749177,1.6387856486216439,0.016017511334956862,0.019162941169154582,0.016208104726801766,8.315429700477075e-07
2004-03-31,0.05089174402567328,0.06260064026576322,0.049166744091336735,0.07291586258696464,0.03419757296595397,0.1739063993030002,0.2699667707490477,0.05912368519291041,0.19975402754670815,,,0.06246251588346981,1.72248977624517,0.004005030462317641,0.0052393042483017535,0.0053058006525553165,5.028179481732452e-07
2004-04-30,0.013694512467702476,0.022236582895976395,0.014566889916810316,0.025725647045097468,0.022146521966658193,0.12057404783805195,0.22913081255412499,0.02102440592088078,0.10446056054663051,,,0.050433545836825106,1.5139654510054446,0.00023596878627058827,0.0037290484925956474,0.0003605490136133918,3.099324950409034e-07
2004-05-31,6.078897810183356e-06,0.007199437685389821,0.0,0.014692000951740235,0.008486945345576168,0.0824165850729482,0.12537966094315092,0.009907877039413114,0.03335731420301449,,,0.04302324968829491,1.3443156705345405,0.0,0.002625266661867351,0.00013576274603834603,1.8039584822504498e-07
2004-06-30,0.0,0.0005500376799298156,0.0,0.00507853304103975,0.0002643837148310047,0.1344057905408529,0.05491374692455922,0.006721557867352044,0.012931729941105285,,,0.036872454683708235,1.2494051985706611,0.0,0.001983586138423744,7.781836864494123e-05,1.0709974219116274e-07
2004-07-31,0.0,0.0014694796174859264,0.0,0.0022460991442975766,0.0026222497301322156,0.1185944915834957,0.02936652013082282,0.005066862248262491,0.0071043020641985265,,,0.03184182766009726,1.1975237687083011,0.0,0.001760790280074508,7.323735775784573e-05,6.626367958915046e-08
2004-08-31,0.0,0.0019827996729191626,0.0,0.0031538151443895883,0.002189993611777805,0.08849889192687667,0.015417293148730441,0.004240893602022172,0.0033340970717517402,,,0.02833271288209569,1.164646167781422,0.0,0.0015912781249569246,7.107063374770402e-05,4.267422613789264e-08
2004-09-30,6.140414735664955e-07,0.0015408080415168955,0.0,0.012168192292163711,0.00064873410068998,0.06138680256609755,0.007772245417415498,0.004631741310200388,0.0071248477407417285,,,0.026038053045509015,1.1466977594538132,0.0,0.0014295730375265465,0.0001541052159933875,3.0113593778405465e-08
2004-10-31,0.16230889130791218,0.23756820273404683,0.17852004510025682,0.12876828897753437,0.3118041302689955,0.07376834765137541,0.035657656007109954,0.17120834819717873,0.0351064123769365,,,0.02493445681232314,1.2095220438272398,0.012923960041721569,0.008699150464569804,0.00866937710682246,4.260651291016532e-07
2004-11-30,0.058978670659174746,0.07573145538705915,0.055169492496371625,0.04289654246297392,0.07623914297498359,0.05379417094786159,0.06679312719065836,0.08049377843094276,0.05056156631115126,,,0.025793703242089412,1.4203642250779658,0.006856188451658829,0.0014095209354569643,0.0011820861863038852,8.717096913708987e-08
2004-12-31,0.15658297911153463,0.2571756946855411,0.17012726807298179,0.1375893642545266,0.43303187219705974,0.026256416065421822,0.05162004324875527,0.12568084054596165,0.05802413786046752,,,0.12339227583508078,1.4921688454650297,0.020628940946345098,0.01243304636925196,0.005508137402650099,6.283217047154627e-07
2005-01-31,0.29409892756214556,0.4038823580782698,0.3011991460742596,0.31418865746999425,0.5173486394396968,0.053527000840321505,0.07018266382116249,0.10704171833533893,0.0985183764637871,,,0.24566181357929412,2.0629811794252317,0.0352536702748667,0.06718374238827071,0.014637422400666735,2.7834615186340567e-06
2005-02-28,0.12614190335314263,0.2579708807016193,0.18263415807861041,0.1571245804966102,0.3310319832126222,0.11325204806422155,0.15003662305773596,0.162488970358415,0.1480060680254876,,,0.24736845535031216,2.1689737705109273,0.03303516146427058,0.07713597539930903,0.005635246194692245,1.2659506211628486e-06
2005-03-31,0.20420853709171835,0.2557501801052936,0.2370186168211308,0.17626115060462505,0.2649223229240248,0.16912083870215414,0.25462260563116607,0.22497147859838312,0.19203893646991005,,,0.17290412365542904,2.1682556677951252,0.015896902676674523,0.09235894610943766,0.016737781173495947,2.213881791887635e-06
2005-04-30,0.07079918744948738,0.10479932165913909,0.06550602285229505,0.0751042784048322,0.07780553761352264,0.1331303511474915,0.31703522064586875,0.15496236195261875,0.2144892202014227,,,0.10917929487982432,2.055753873357965,0.005359631105850985,0.046525549457393206,0.003906942387059686,1.6906028705533696e-06
2005-05-31,0.11921130754810924,0.16558790737414175,0.1417633710465658,0.0671749862781111,0.1171601834208752,0.16250292306904246,0.34734637382812883,0.13371362264694117,0.16913338317623203,,,0.08257288624569727,1.8740646773799856,0.006814065724215692,0.02194666370080108,0.003251976359945691,1.4940186948437474e-06
2005-06-30,0.0,0.0008756710227923145,0.0,0.005025558007456633,0.00803853261324394,0.1505122702055941,0.24354976168836692,0.02257331136328262,0.06329237404130601,,,0.06482999235122196,1.6126788905300407,0.0,0.012660917152490866,0.0001556527136379645,6.612084099572978e-07
2005-07-31,4.6322415922409525e-05,0.0010240540851341846,0.0,0.0022177744048344434,0.0016018608254891088,0.07024562917380225,0.10913153109389291,0.014578677900663396,0.02193183937509454,,,0.05339356552493176,1.4239029713749591,0.0,0.010081544474653398,9.322150319206554e-05,3.685782006271963e-07
2005-08-31,1.0550742850378494e-05,0.008442148621251732,6.993171215234747e-05,0.003811799016442391,0.011098159129104735,0.08688980683663838,0.04441262670576499,0.01123075321359623,0.011311950712652258,,,0.045859725943265886,1.3438794426428435,0.0,0.008569148923618364,7.923129892188024e-05,2.1352245703452105e-07
2005-09-30,0.0014853452578104612,0.01972810755802055,0.002364096231000438,0.012978624281658833,0.0272892108308261,0.09176766767862199,0.028741148020524247,0.019630196588858402,0.003977019197227617,,,0.04046421293578039,1.3062382446100116,0.0005419278779372548,0.007456511522963203,8.840463512180776e-05,1.3660173398383248e-07
2005-10-31,0.02010622140579399,0.03868284406104426,0.010343405235488408,0.03665040592047529,0.04928825702909404,0.0530317483141139,0.038391813537706626,0.06354967819516838,0.018693319810821597,,,0.03615621317491451,1.305817949091718,0.004616683676043138,0.006945740192458556,0.0006062573090972383,1.0038269095507509e-07
2005-11-30,0.012977812313369634,0.026652397947744728,0.011700796398879835,0.04412818275508111,0.04869256323604651,0.03768118035705201,0.036425292422500054,0.020824839809810876,0.03826079276991509,,,0.032555856031824315,1.329107372682607,0.00031001953903921564,0.006379076171895896,0.0009229486348175337,8.517650942256802e-08
2005-12-31,0.11471935027233178,0.23033828835298223,0.16848603380134547,0.15497737470207468,0.31198400567988976,0.01491123946185205,0.051852758477641106,0.11623163424904748,0.046171507382953454,,,0.07337115099617883,1.4319727039009735,0.015040201620999992,0.015398875165113311,0.004613194381813949,5.533137889342617e-07
2006-01-31,0.3225836997031933,0.360102015669052,0.274427377024292,0.22767131342328042,0.2811018390232241,0.0486787662083061,0.07486421480495642,0.14398365075010675,0.08645697212509475,,,0.15481379965128783,1.8172956050232858,0.024763684905317655,0.01905911021542135,0.031515097263845354,2.5287469524906524e-06
2006-02-28,0.03620730309868973,0.1040865628777803,0.05298564597329934,0.0670162896027583,0.18035108016464982,0.10005702381466496,0.11735965829513244,0.093805852851623,0.08103195084622972,,,0.11520510210610195,1.7590400024831303,0.004766158945200001,0.012463504808919574,0.0025378356749433976,4.5291896907743223e-07
2006-03-31,0.2796277109128588,0.36288856927553526,0.34002223509783874,0.25204581150873645,0.3787579145569661,0.11003951339330839,0.17376044855617714,0.21449700539829875,0.1489426714780042,,,0.11075431930217412,1.8751603688382414,0.024684887936047065,0.028664442801142796,0.016543753412717164,2.142618056190426e-06
2006-04-30,0.3422267372792275,0.3722633490669732,0.31120475788096436,0.24218678762557327,0.39670436819455573,0.17513954568754667,0.27317145583544483,0.30543392598024105,0.2429015117977226,,,0.0933797272355137,2.1831306137127964,0.048873537544458875,0.10843968583672271,0.03973100353103129,7.72034633772241e-06
2006-05-31,0.037729488505129645,0.04493740886513661,0.037982970464755655,0.03666586000014672,0.08035971195159179,0.16930497312858306,0.35542584251059806,0.05818972322254127,0.20265958208601673,,,0.06812273092166275,1.9348025966107076,0.001235474240968627,0.04132972935483147,0.0013979378073680465,2.191459518366708e-06
2006-06-30,3.772231431896559e-05,0.002244213686170178,0.0,0.0053948728019970514,0.0014589958358256806,0.11994328018227701,0.3090363659123409,0.01847778516629833,0.10539243782541227,,,0.05381976410473412,1.6672710266171629,0.0,0.01867515623241858,0.00022321482675252837,1.008345570260944e-06
2006-07-31,0.0006341559238476191,0.005791743084731666,0.0,0.0026602524537169677,0.008542632976196528,0.08636032209178414,0.17601620801273773,0.011705216388218352,0.031847497081494265,,,0.04480410517343372,1.4722571010752619,0.0,0.013396075411493872,0.0001223072864345193,5.090793544912189e-07
2006-08-31,8.125070829879334e-05,0.0008323845609450216,0.0,0.0031538152711756426,0.011397643601765168,0.10161070691655703,0.050010643118186586,0.008468490261508834,0.011568100352121757,,,0.03876680818768314,1.3639731468069107,0.0,0.010861372868513816,9.61532728327912e-05,2.783815513189926e-07
2006-09-30,0.0,0.0011235337427406692,0.0,0.01164581973207177,0.0,0.08849147198958748,0.016216448840286907,0.006942190891789339,0.004593691792555569,,,0.03460492383733961,1.316152509330692,0.0,0.009007359612704885,8.785259106868956e-05,1.7113824632903132e-07
2006-10-31,0.022937096730839813,0.033986710351027745,0.024670126049466265,0.03249723074929127,0.035204837026277934,0.059705837417076295,0.03076456479184279,0.03370378305245612,0.022977292561727668,,,0.031166471834603925,1.3105002455443282,0.001175052919666666,0.008250824189800155,0.0006270262944892345,1.3116992066876703e-07
2006-11-30,0.008063732828827863,0.024095989559636332,0.006282076820751117,0.03231245343909589,0.04126583446406118,0.04347896442577946,0.02867394253097265,0.0186361619352167,0.02200645459272016,,,0.028622597649267452,1.311148045468764,0.0001970327864392157,0.007135125333235013,0.000773356375321567,1.0115771816021716e-07
2006-12-31,0.09731682741285794,0.14198715404872572,0.14040165989553094,0.10407215557168169,0.15356067209002464,0.031780177669101926,0.03519374080405471,0.09388112652563858,0.03658455334278734,,,0.027762666953788238,1.359051779763063,0.006866667042694119,0.007764239758787856,0.005354771924429329,1.4239538074316818e-07
2007-01-31,0.04228561710148883,0.05922224327912079,0.0515702696061209,0.039479673373018456,0.06619553304457461,0.02617157505337041,0.0490160592498467,0.054946272696412515,0.0410002589640072,,,0.026225658235080787,1.4421446248284835,0.00491379074437255,0.006345739489992243,0.0005370882299127073,1.2323843685844293e-07
2007-02-28,0.1272165075939578,0.23437391299234295,0.16238964584872967,0.14442559262330562,0.22988746379196356,0.06627879064610231,0.08335161325366748,0.11368153707732412,0.08631896069990225,,,0.02662747698517333,1.5478207409535982,0.008634603068796072,0.008528033968763558,0.009711395943664547,5.39329553784486e-07
2007-03-31,0.06032830686735252,0.07162082678060697,0.07504159960143184,0.07664479102645379,0.04887458300405787,0.13928079966819518,0.1648618228547545,0.04803795986190747,0.13236708591262453,,,0.026500609975717647,1.5214136287801696,0.004283321747309801,0.005437548627458864,0.0035670594420487167,1.3639495671371433e-07
2007-04-30,0.04855995105463135,0.07260862521823518,0.04727454742827848,0.0711931279297245,0.06801644041129852,0.11148245463822966,0.13446514129998216,0.04046466133995312,0.10541382332050818,,,0.025143498295014905,1.4291316547875903,0.003974928019807838,0.00547715697613402,0.004569177511198338,1.1696426721657889e-07
2007-05-31,0.0010613280015301315,0.005799898696477209,0.00037055628234692375,0.01484210937229092,0.008934087995019517,0.1293120900083743,0.07564061885030793,0.0032012456801005867,0.035747211187898295,,,0.02369272351001098,1.3287262663896546,0.0,0.004324426204787689,0.00012441474779456736,8.324928819542258e-08
2007-06-30,0.0,0.0002827520095199095,0.0,0.0051999553609052675,0.0,0.1058948594622585,0.029542836128345185,0.0016140707120266822,0.010954487088750797,,,0.021269851199447846,1.2596231298782286,0.0,0.003913599245359507,5.166695175046466e-05,6.048668051141571e-08
2007-07-31,8.52493502989052e-06,0.0010893679172385268,0.0,0.002229551586690743,0.0017301871369349126,0.10791073265723468,0.020100427111047488,0.0014456149698158,0.005295810394343395,,,0.01906647107061961,1.2196368647880744,0.0,0.003814124014098173,5.006686060858059e-05,4.376757173031498e-08
2007-08-31,0.0038056316466642507,0.006487842180902305,0.0028503098457180937,0.0034584270402195816,0.009989066522948144,0.09306740062794994,0.015988494581107356,0.005109067358759557,0.0028098886315112434,,,0.017796849827036863,1.1926484987529793,2.169737763137255e-05,0.0036147339415250087,4.969186652922295e-05,3.148804051943807e-08
2007-09-30,0.025040952941585946,0.030714386936802587,0.03580285042692745,0.02078947971945054,0.023384816578472946,0.1007834143588552,0.02285597492241166,0.01862015439061322,0.010625371543385578,,,0.01692507683418353,1.1831255823989535,0.00037578249002745087,0.003346540116530681,0.00015624684404271243,2.7367753553994965e-08
2007-10-31,0.05902396932081952,0.04763045736558455,0.059305583580801555,0.05633074638625102,0.04058079530685126,0.05613138474777499,0.028906051967507364,0.048245261958358696,0.01610782569888386,,,0.015806277384633728,1.1883851572343356,0.004302237891690195,0.0033726262753410517,0.004244899082260515,3.1274093660780255e-08
2007-11-30,0.01191138316489584,0.0173085887897177,0.0161898399428207,0.03357629318438457,0.009893684609937396,0.03912109529098391,0.022356749489199624,0.010896759014134385,0.04072451004940301,,,0.015348142372341961,1.19620492720532,9.842181458823531e-06,0.003045558809494685,0.000615663341651868,1.968047569772613e-08
2007-12-31,0.11912626075923119,0.18945383492753526,0.14156415854479423,0.07530820339588443,0.203724622781927,0.031167754495052977,0.034928595978389654,0.1040191320927283,0.029573302076449922,,,0.02413063259878902,1.2537396257062303,0.009946106661521563,0.003965139467483732,0.004828491396354859,1.5209676616563124e-07
2008-01-31,0.20315025785064397,0.34375785460146296,0.23639601259804174,0.2197781751033777,0.5048511756326121,0.057932088526416896,0.08241785456075557,0.1248957030059395,0.09722404702109015,,,0.12865560038460233,1.6385487132750842,0.020383145039090198,0.022945374452729237,0.014515420766859506,8.569485429218021e-07
2008-02-29,0.2011727732953204,0.24819843112779874,0.19414100482299848,0.12109657635135633,0.16941768385256062,0.12761991220879773,0.11532545378417383,0.12292327621907108,0.10556404452922623,,,0.10973585978950273,1.7481116937107561,0.00907227887656862,0.004572633980443029,0.007049388088151105,1.0387453517751836e-06
2008-03-31,0.001926374285933492,0.017426559716217493,0.00019298868138573083,0.03764794181102541,0.06329766879800566,0.11941842017457908,0.24300819790824635,0.03245972323130306,0.13933739102040552,,,0.0801365471922698,1.7082676143338418,2.208710903529412e-05,0.003277771689713091,0.0008472481674323784,4.281509723787993e-07
2008-04-30,1.0932470872338225e-05,0.011413608509443736,0.0,0.02067254531570042,0.04530608939520993,0.14351318160990822,0.23584486018388165,0.021832388971612212,0.08079015342354016,,,0.06537430088764236,1.5378745698541296,4.0147303529411764e-07,0.002854771644714341,0.000300626816643765,2.625452938501145e-07
2008-05-31,0.026224259612627306,0.038153571973223895,0.026572726860096287,0.024700445589497445,0.026696190342899977,0.08308421681610875,0.16033815270266757,0.023352573371930873,0.035205041739685916,,,0.05570220941713568,1.3796660076258043,0.0002104052572039216,0.0023338302557050264,0.0002931588912603107,1.756535644142623e-07
2008-06-30,0.0,0.0006118455572585505,0.0,0.005033912283119219,0.00882147608228698,0.09429820538715716,0.0799710244110284,0.008240449132474093,0.019044800771331076,,,0.04729489771178667,1.2800848223800383,0.0,0.0020618582139106177,4.8519157015848004e-05,1.0538497003761087e-07
2008-07-31,2.161665198818125e-05,0.006992588181425512,0.0,0.00222164670627282,0.011043900337069977,0.10216493817199127,0.039334690615349076,0.006381141587125944,0.00586291256575076,,,0.040344398363708234,1.2174396656801156,0.0,0.001990890450005909,4.633344278773368e-05,6.75827062990427e-08
2008-08-31,0.0,0.0009209379437422783,0.0,0.003157384890194716,0.0022540367218542266,0.07336209486446298,0.015449124514780367,0.005193407485423509,0.002781378693880288,,,0.03592978058380549,1.182145744563042,0.0,0.0019006035370750737,4.5868977496641636e-05,4.445560469199815e-08
2008-09-30,6.550846624873994e-10,0.0010271987353228853,0.0,0.011595754874698935,0.015240818175810881,0.07257832905897516,0.00980388077926793,0.004179028946001499,0.0012478999181067237,,,0.032443703477509016,1.1631773193218593,0.0,0.001774476833602727,4.614758234305755e-05,3.1649752340805535e-08
2008-10-31,0.006094835595083892,0.01604467736575912,0.004940086089685728,0.03299822351053259,0.03729185091191389,0.056843932489418145,0.017706980844337163,0.011991032807130335,0.002177855581354437,,,0.029561523127717648,1.1626592874968589,0.0,0.0018890162703956884,7.947627508621052e-05,2.903331083390806e-08
2008-11-30,0.11099044438260885,0.13917039134719236,0.1240215708040251,0.10434925995909676,0.16472714387592827,0.036212565311199374,0.043371410392201167,0.10860545461709303,0.05309135493968913,,,0.03081623441167059,1.2537242394131312,0.008356183411384315,0.003881337599251831,0.006646942045730647,7.828489772384868e-08
2008-12-31,0.09834803925275412,0.17474122692769772,0.131425284429459,0.07193383427923151,0.18808904337937274,0.04563299884091202,0.044133362984873026,0.10173865114748391,0.038353253694801165,,,0.03953945274167216,1.3836845487450893,0.009054157856407834,0.003550391753538218,0.005948638286080117,2.916890951388414e-07
2009-01-31,0.07934723955008854,0.10234383730043842,0.08299005052457299,0.05010040903024094,0.11846967815823163,0.053216806201945514,0.07125372128052035,0.05300693890444018,0.04820462427766786,,,0.036690941991353726,1.4981909064964514,0.004826708315725492,0.0029321850134869467,0.0007262422417587896,2.9294860867344256e-07
2009-02-28,0.13069804851802647,0.2805066367793952,0.14543916475882293,0.17192540662161082,0.24958467617405544,0.11431966633770307,0.10207678904305804,0.13307648127273358,0.11317687178637992,,,0.03987439250251295,1.575841972881773,0.010814603483952951,0.004529187462733287,0.007425556139508598,5.968668868647292e-07
2009-03-31,0.024507791433062257,0.06098386003848502,0.031069604853419346,0.052999358149829395,0.14398625865685816,0.14221148932105565,0.2275377460240823,0.03256563592471808,0.12906514022352908,,,0.03537817797170196,1.7053832132234428,0.0016423953593647047,0.004046724342002267,0.002018711492328946,5.627340546727827e-07
2009-04-30,0.027135638948561885,0.050924168714949425,0.030693640280187885,0.03457619089117298,0.04459379648047089,0.09944570808830208,0.21867534195249336,0.024252163278063503,0.0845005203049878,,,0.03254158420409726,1.5331312594876723,0.0006215577707764707,0.0019055165605878302,0.0010323284238391505,3.6175291540973255e-07
2009-05-31,0.03921263661196533,0.04869211149786438,0.04340994190495878,0.04245042663789068,0.05440529267565089,0.12385184243404629,0.17747366889840738,0.028738958363129133,0.0568555237118705,,,0.02954193533610667,1.3937929797716966,0.001169028548674509,0.001587423857375895,0.0006200384360168932,2.2865267623830498e-07
2009-06-30,0.01516357882526099,0.029110381864938365,0.017351272940591835,0.010325097649353954,0.034417780156119335,0.1210540921111256,0.10620650261449753,0.022645010656245204,0.02266465299602514,,,0.02564525056883451,1.292094904205848,0.000614180280027451,0.0015329337751848738,0.00010849516711342027,1.4599942875457324e-07
2009-07-31,0.0,0.0012439414880441753,0.0,0.002219016448138314,0.0035048402353895836,0.07899175557588003,0.03806597469967357,0.0017896291265213121,0.0067792792956635605,,,0.02242945616233412,1.2129565343636965,0.0,0.0013478543029719647,4.0942220692919975e-05,8.43546437721458e-08
2009-08-31,0.0,0.0053714021260398,0.0,0.0032069437786461093,0.005824291970393513,0.07956353258835897,0.019995093681579326,0.0017466877825774644,0.0032067486817542287,,,0.020654623973697255,1.1751629663814087,0.0,0.001298938107640688,4.0935268210488385e-05,5.416242405767113e-08
2009-09-30,0.0059754409185399345,0.004868489901383359,0.00468832338827309,0.013070115397118769,0.010455158454848127,0.06726714175647558,0.014745533490038666,0.008491187860810028,0.0014281864191157472,,,0.019355904419237648,1.158127966093104,0.0,0.001216733033827771,4.080466427392765e-05,3.756104711056293e-08
2009-10-31,0.08440586617894297,0.13734100061902452,0.09182349855668599,0.07055738522433067,0.16193061857478333,0.0625479815256631,0.05308090448881078,0.0709898087450113,0.035407378899740084,,,0.018359279871397648,1.2094794835540137,0.00509155828096863,0.00273186330193959,0.005359109176356824,1.9544445072676502e-07
2009-11-30,0.020461004541388075,0.02233806355400064,0.020399226346864578,0.027418768019759496,0.054038101487622114,0.04310243588161344,0.04323587168734602,0.01664928385464665,0.02260915243249048,,,0.017326150908988237,1.2567390886274405,0.0002717704757215686,0.001425937174153098,0.000543061726472881,3.258751024970985e-08
2009-12-31,0.16477039847507252,0.26507152906027825,0.20282422509193382,0.13384169810753815,0.2137607397235925,0.03749050477204416,0.044810483664881405,0.10709134169111621,0.043064910907795455,,,0.06996713633510902,1.3676336941584046,0.01482066721892548,0.0027076479689443047,0.006304131699911988,4.357648827588367e-07
2010-01-31,0.23169357530982437,0.28249618297148227,0.2509829346273911,0.24359493496796536,0.3311668250827967,0.05745511794292938,0.0714856688256822,0.12647577684892966,0.10158029024534783,0.29538128880001197,,0.11115776249775687,1.6017193317385474,0.014728460749035294,0.010235890154633859,0.008926450728896307,5.688993974408508e-07
2010-02-28,0.20394066504046993,0.3161634041920635,0.25242193052144873,0.22450776506524606,0.2650331225306523,0.07407228540980032,0.09681079292870866,0.15725751028493504,0.12331070532365448,0.29958485666434675,,0.11086891566260706,1.779954519600037,0.015367105419552954,0.009893453753578354,0.012246898497354821,1.19304927084816e-06
2010-03-31,0.04510549686498298,0.0846661683954034,0.045539737939986426,0.07517480488966849,0.11736567641217978,0.14336595788203882,0.23460451919978775,0.0689955669864975,0.18188701246336522,0.2629089676181417,,0.07686258140902902,1.8722554660964477,0.003564487007564702,0.0073036542722103364,0.005659855361598101,8.549790196395082e-07
2010-04-30,0.16382478660007016,0.23791551569364533,0.20760547208765207,0.14699939512032348,0.18903661535913438,0.1364827840593412,0.27081153887719206,0.18914666236307673,0.18926572904602512,0.1485853332637224,,0.06293471842785882,1.7796983012949665,0.014415533395078436,0.00929918650491748,0.024270637234804486,9.127866266683964e-07
2010-05-31,0.021175297804325078,0.029778122182939584,0.021344944055526248,0.021814708635218588,0.03509267368785142,0.1373849211826391,0.26692829215816727,0.025573266152233324,0.12215199790155681,0.06570962126530132,,0.052266160571331766,1.6356681115140574,9.842181458823531e-06,0.005298625527316876,0.0005606743302790154,5.536375210707896e-07
2010-06-30,0.0,0.0007946320666475554,0.0,0.005186638388424993,0.002407357611425569,0.12836096156700216,0.19852719490446213,0.009206313752270961,0.058293663097585366,0.10319190889864077,,0.044853187769524704,1.4378649550574238,0.0,0.003474061166993542,0.00010739282733852121,3.3638505365398113e-07
2010-07-31,0.00018948694054305739,0.002252555292392138,0.0,0.0023235743358962935,0.052180771725260665,0.12371836232336061,0.08127016517563976,0.006947944979800362,0.0185775872708374,0.03930327910279863,,0.03743697486787765,1.2945565008412432,0.0,0.002938305119224773,7.086253893632608e-05,1.8675549347558118e-07
2010-08-31,0.0,0.0008643466006030551,0.0,0.0031582238693332264,0.00048175119910911536,0.11066893467967738,0.023286897246870733,0.005535661385809821,0.006885983511745017,0.03808532521817026,,0.03320165333674666,1.2335172889407908,0.0,0.0025887415290617995,6.0727042350648904e-05,1.091361307912677e-07
2010-09-30,5.4082611090534e-05,0.0008198461886567868,0.0,0.011665850097036334,0.006952550144701424,0.08368507778141751,0.013359243492531063,0.004769018005373103,0.0029032167543360356,0.03812703740250288,,0.029786006158556862,1.2065484788119463,0.0,0.0023179307022959004,5.717622840862917e-05,7.172937003426763e-08
2010-10-31,0.06521586270503806,0.10402904077355152,0.08110364883981738,0.05446707607672722,0.0780265629083,0.05485299914061387,0.04173593646319829,0.07841787363642767,0.02184850054743463,0.06501201742005691,,0.02733550182078745,1.2185404269669649,0.005372941957184323,0.0024841430939723055,0.0012931103839934153,1.0414878384685867e-07
2010-11-30,0.12109466581016741,0.16123984631066807,0.15835701788369694,0.09327313877000719,0.12450962453789206,0.05565152832742399,0.03305276780627359,0.09718748665486361,0.037555197843580405,0.13749453732075662,,0.025959006644103527,1.2911806788806115,0.007433540945662742,0.0031821183443570353,0.016426918782198936,2.176186838791763e-07
2010-12-31,0.610690754437627,0.7731456750950353,0.6756335926260401,0.46008966126987644,0.6200814180846882,0.03831623635962865,0.032650879402926464,0.11892034251075972,0.07889232612139023,0.3210417331768177,,0.1830675090379796,1.5143095739270227,0.025631474631062766,0.025940227701746192,0.041726349080696334,4.708999444675487e-06
2011-01-31,0.12286981822573698,0.11705111307656478,0.12430218466291533,0.14605922488877957,0.20523324878038618,0.05713451269442039,0.06271027351936236,0.09923501682706504,0.11013445328514708,0.41969552621244893,,0.1658006640615906,1.9633804572988598,0.006731091966462747,0.043265087254290076,0.019680889001945565,1.6765815717421037e-06
2011-02-28,0.09339902408901637,0.16969633381447075,0.10826167644872002,0.09573464478150802,0.2273545736257454,0.11959066164760061,0.12307790603445136,0.1533925618174185,0.12373939402475473,0.25413960567468935,,0.15032014321141962,1.9735444088026717,0.012444251309619618,0.030995769695615787,0.013713914490015276,1.3350811762079716e-06
2011-03-31,0.2589869368254997,0.37805524743245855,0.3136849562844344,0.2597167310403261,0.3287696109317849,0.17110030539787846,0.19651980573352645,0.24264603957353498,0.1938627293103577,0.3014275937563965,,0.1262854505700894,2.077152797643135,0.027047002149599996,0.055032366406526596,0.032452848636508935,4.80264534508869e-06
2011-04-30,0.04167316411245846,0.0680075323740596,0.04043312897615864,0.04271408748720825,0.041686105556627905,0.15761140766311474,0.2834792322461914,0.06899483114640072,0.2338395793543034,0.1565151535079611,,0.08812039407415216,2.011926941031998,0.0008482840990078424,0.050812632136756186,0.006998926505332547,3.258062460181654e-06
2011-05-31,0.038310988771409905,0.04097549837298406,0.03681117145567992,0.02848180010848821,0.03272476844752326,0.1533863786097747,0.27426785664333064,0.05239731852029188,0.1679645250391635,0.04836893580169145,,0.06915444304072785,1.7726714725847714,0.0015565918536509804,0.021657957467211955,0.0010695934388103626,1.4085955448033467e-06
2011-06-30,0.052458544392937005,0.05234721711945361,0.04879182350327901,0.009267448435658623,0.03385487674301904,0.14343008492185227,0.24840616902923737,0.021391766793191082,0.09706280760182195,0.06291375587832318,,0.057661616475758425,1.5962870705542302,0.0,0.01311441239308505,0.00020283789340721104,7.942204849380978e-07
2011-07-31,3.715519367221594e-08,0.0042030043506361674,0.00015719497384888848,0.0022192009011869586,0.010613985356158196,0.14930928759511441,0.12860215600214486,0.01099826337271814,0.0340254046608976,0.04030583956327002,,0.04801587197751216,1.4063130533451615,0.0,0.010452030756886943,0.00011044809561657013,4.2715629164188815e-07
2011-08-31,0.0007483959607666447,0.0021727665786466202,0.0,0.0032384235829151483,0.004525747056890155,0.12361816361431717,0.03699775932414672,0.008182548526176621,0.012196329763548149,0.03838367207552893,,0.041684021183749025,1.3209733174706246,0.0,0.008856135798535154,8.563548739376721e-05,2.435005391144631e-07
2011-09-30,0.0011080274760045968,0.013081310857057845,8.633358065694219e-08,0.012133457818555996,0.014222203004604198,0.09698399102401312,0.020249119620004353,0.0122032937446717,0.008692488294744458,0.039040759487895996,,0.03697807541990902,1.287416984249771,0.0,0.00756951354218466,0.00011260630761480068,1.5433371619829667e-07
2011-10-31,0.05448297246937574,0.07665397659243356,0.06363766405980177,0.045800230547724925,0.09264223942625884,0.057305907569403236,0.052432725966998064,0.06918324496604063,0.034358784736750414,0.04786244136498814,,0.03335174803777255,1.3068056266557697,0.004985369290000001,0.00730961787591892,0.0012448280552312867,1.9063608071413746e-07
2011-11-30,0.08826155446618855,0.12662785864778736,0.08520475808875487,0.09886231362270782,0.11424111167023196,0.05604451154241195,0.031720744786748065,0.07648036385801048,0.05127554364710397,0.13643852136055773,,0.031206345959303522,1.3639415963999784,0.005324056001243145,0.008148061271734116,0.003168521269337313,1.1674284114292509e-07
2011-12-31,0.0003565527983640302,0.08663448375361996,0.0,0.013177023079420822,0.03934326488642991,0.0240929299696968,0.03560573632963787,0.01780349775714342,0.022015332313862233,0.08123455514062472,,0.029081658565571763,1.3912258103155195,0.00014391840999607842,0.005845225341882047,0.00010250885718894609,7.857416979479976e-08
2012-01-31,0.0846790102758954,0.1731572839586243,0.1003029500863637,0.1068082168610366,0.1622959544176438,0.027566397023470794,0.047338544203128004,0.0892543116705381,0.043044084393521885,0.09107333724429018,,0.02810959838268235,1.4281995260952893,0.006616560791419613,0.012055489441824963,0.006309396687745589,3.3113016623977565e-07
2012-02-29,0.02850500506551593,0.1258960482832102,0.03984052533762907,0.06929913061967684,0.10651014904903004,0.0815943528920547,0.08681968876401958,0.04318609725444306,0.08209127015600591,0.09973992758836464,,0.026802104193104314,1.534567349445699,0.004021175792811758,0.008478385597860107,0.0014747640867534765,9.433395282649407e-08
2012-03-31,0.16508091803058764,0.20282653124870298,0.19781893035226567,0.14973766307497202,0.17177227962716068,0.10806080744177916,0.1507816144390423,0.12939042567580114,0.10483472061797997,0.11458485968501106,,0.026324525275256472,1.5331892322171647,0.010545036616584309,0.01142232272484716,0.013990082612083073,2.635040605137851e-07
2012-04-30,0.22166170929271026,0.17252398427275786,0.22115744616112293,0.16588828977785583,0.12551841894259963,0.18216947748144602,0.18386572129494813,0.18451600220338346,0.15427290688599152,0.14309241490292665,,0.027534935031968626,1.505258872579006,0.01431084507336079,0.005152036290718323,0.015092133633509095,3.7690245511832193e-07
2012-05-31,0.0008952964046993017,0.018924026788220822,0.0010924697053606774,0.014548112267420745,0.005193267908137381,0.09916156597888426,0.16088612158128013,0.003496800390498436,0.09580314949899163,0.07433010479893569,,0.025219146434760788,1.4072851654195362,0.0,0.003940231399198421,7.156496286015503e-05,1.1117557399150552e-07
2012-06-30,2.131651810282928e-05,0.0035098878695284347,0.0011533686582730395,0.005078732480438156,0.007727937774506361,0.1137538009733773,0.06967400344863685,0.0019296843431450383,0.024281188734754516,0.0454489069573548,,0.02253789413135059,1.2968735148647115,0.0,0.003555542511395363,4.3084234617397e-05,8.558962345002983e-08
2012-07-31,0.0,0.0030006217506449717,0.0,0.002220605775042577,0.0015229663533569914,0.11091135709830166,0.03149155347641051,0.001600387001147665,0.00903751126415774,0.04221888424161559,,0.02001453912626196,1.2383432785690935,0.0,0.0034533338064466563,4.018865382828323e-05,5.7374993282079465e-08
2012-08-31,0.0,0.004603635463547471,0.0,0.0031868683603637205,0.004786442613996861,0.0678711630553031,0.018897194465201543,0.0019673241960619283,0.004315111996758428,0.0436639813781786,,0.018406416213734907,1.2053958705094714,0.0,0.003281146456300187,3.940147684885826e-05,3.999407133670975e-08
2012-09-30,0.0,0.01007852211061743,0.0,0.011615296814271262,0.007554328099843792,0.0799799769051461,0.010744325015291527,0.005780776431634444,0.0028443999754277534,0.045756398489243205,,0.01750345477019608,1.1858935211043113,0.0,0.003022838135803596,4.26086200639787e-05,2.9182276793455607e-08
2012-10-31,0.01817950035357991,0.033262364505325215,0.01817568332586457,0.028107412625031792,0.028219530015459668,0.06493449185324779,0.016601115557699025,0.03238422828665774,0.015688990700761952,0.06180403809056278,,0.016587478002346667,1.1856970001973504,0.002292719880149023,0.003013209739629928,0.00030867507259572545,3.287648883422777e-08
2012-11-30,0.04465069347072336,0.08353769506575834,0.06994999453571406,0.072728506135426,0.12018379766715845,0.038305578810024735,0.02221007126292841,0.08280670242024213,0.01520833294829204,0.10178108397319904,,0.016534792848966275,1.2082221117347505,0.006388622822874516,0.004094540808816006,0.0007093250453377012,4.808378212213679e-08
2012-12-31,0.1715565893794383,0.1723081046903,0.19005163597880448,0.1525349858730338,0.231130407485631,0.04900212581557219,0.04794914214416765,0.10939295378913474,0.05966152044337433,0.25285474562744537,,0.06433442702034825,1.3871369079928788,0.013645855659478437,0.0065246224677717206,0.021896011020439164,3.3070480191456176e-07
2013-01-31,0.05142449441575062,0.14126150225707354,0.054552166219162826,0.08986808932741887,0.09404355119763973,0.05799010009829744,0.056304313329293296,0.05253958754369604,0.07382653072735018,0.2688188611691493,,0.05509426747592784,1.491583856410886,0.0044680667735333334,0.004167083463145356,0.003037792999379246,8.668264374958417e-08
2013-02-28,0.05812550615456373,0.13906326545226919,0.08007992341251616,0.0686972649850672,0.06829718767198652,0.10538344675871339,0.0929873953535069,0.055397050314468906,0.09083625886817222,0.21209732013545596,,0.04742670395191216,1.5253209338622873,0.004725664107768629,0.0024266579063248,0.003310703697050959,9.833155826626642e-08
2013-03-31,0.07407932568928961,0.11926646779563697,0.0786979252042828,0.10598408779072738,0.1027404190484741,0.13772563740881644,0.19867561887163196,0.045479008226339636,0.15131909596055745,0.15683851500636012,,0.04337633950860549,1.4945522148499606,0.0034892935787450975,0.003276935086664027,0.0025489501560944238,8.937956114252059e-08
2013-04-30,0.00833352353220893,0.05111286260086247,0.002434589234613119,0.029374437741826187,0.032183951227729025,0.11670236822047017,0.1800004490781753,0.020347277722001216,0.09150793178187815,0.08724380429412211,,0.03871920615102745,1.3933013149273643,0.0003628059637764705,0.002160573177246918,0.0008104230505999928,7.24411666963374e-08
2013-05-31,0.03129689576308383,0.027255053953321347,0.04675517953850539,0.027728688687827654,0.015536664651824305,0.11353207184899249,0.09939847390631233,0.011347357607982436,0.0449893050758723,0.061574969280442406,,0.03449726788628078,1.271982285836382,0.0,0.0021179419915795996,0.0005695776386337598,4.7474943447200215e-08
2013-06-30,0.0,0.0036519498490578594,0.0,0.005732250879858042,0.006053989590131558,0.09378541717592224,0.04109297852527331,0.004720144396428752,0.0124857107594732,0.045154745606300346,,0.03044088893761255,1.2077819028689016,0.0,0.0019679468658992524,3.3712190966168936e-05,3.32450955133195e-08
2013-07-31,0.0017061613746844214,0.0068190277889024625,0.0002302896106378786,0.002947534451173401,0.009777569928910868,0.10773138132213775,0.02455444043604804,0.003215923490016877,0.006961402412891275,0.04559112662432593,,0.0268512241318651,1.1714183906937936,0.0,0.0019709649282748207,3.40788682966636e-05,2.390661155925218e-08
2013-08-31,0.0006413236761255464,0.005037775879027729,0.002602180075869991,0.0041762893269870335,0.016074390438936218,0.10698002659785978,0.019861205402926744,0.0029617566113920015,0.0031838101379165844,0.04567600346705632,,0.02461903894889412,1.1483111146602065,0.0,0.0019368497733156316,3.237543237421101e-05,1.8108185577445874e-08
2013-09-30,2.6112997706880003e-05,0.009531230825941553,0.0,0.013114183245542803,0.005790033523881469,0.08161323897633994,0.013613103099665187,0.0071149254636146304,0.0013755848602624487,0.04690179369875614,,0.022938358625781963,1.1373683297678832,0.0,0.0018047674995113274,4.7564661366921644e-05,1.3778216088623395e-08
2013-10-31,0.0036051998334056317,0.02136748883652036,0.004235199187854007,0.02995930186280314,0.030691838312927346,0.04560688918328596,0.015036985525586069,0.00983237466372401,0.018426382404818024,0.050618174361802874,,0.021221369392589805,1.1367933645975508,0.0,0.0018551425633263315,0.0004901463613115812,1.605844130879734e-08
2013-11-30,0.04659387042265609,0.09809711209643059,0.04885695981777689,0.07123432764555754,0.08351192667248093,0.042936092730560586,0.0236300621188697,0.053530688131908984,0.02920581779433298,0.08655992113594313,,0.020890469331827453,1.1544754368836507,0.004854266235470589,0.0024868929968521677,0.002298270063978577,2.373045895372232e-08
2013-12-31,0.014836753962500887,0.08864642350348748,0.016821890363782965,0.024300066769483302,0.07307013760768974,0.023549836220027605,0.025359125967056972,0.015968362388399663,0.031073996690278948,0.09910049000594429,,0.020097058474666668,1.2158567349415308,0.0003260536608941175,0.0019765284726581513,0.0003077204711320727,2.0864763042776258e-08
2014-01-31,0.02131995753800747,0.1024787786633749,0.03182797825940418,0.06023737785907652,0.07275557830851162,0.03139628305849463,0.04373307683952752,0.02011032484134962,0.037307452935344286,0.08738467167286566,,0.019009838484781175,1.2524269698020758,0.0007030154035960781,0.0024024513490524275,0.0020238001944315816,2.5104538252644683e-08
2014-02-28,0.091269263956467,0.2845582466208534,0.12626649787632913,0.15521750110089522,0.19865647356660598,0.0637571080477527,0.0967742873586234,0.1388638674004346,0.07776685246766896,0.17119331615381142,,0.02124181388749804,1.322571725076221,0.011088943274211773,0.006454395810926007,0.0028867019850559207,1.0156819288168748e-07
2014-03-31,0.1110625190664411,0.12302910907853642,0.09489255595625788,0.13356380928937817,0.1259875523910605,0.11913147479955326,0.1942804378790306,0.04563290537074241,0.15153318281919212,0.17070215118582366,,0.02057864523454745,1.4286714751705407,0.004675594544250981,0.0030757965306416734,0.010759958946987369,1.1931970735656234e-07
2014-04-30,0.05797260181176391,0.0885535058915365,0.04903544122877709,0.08995072844517812,0.06875229689508759,0.11559359379601067,0.19381263395235382,0.07048459034611348,0.1322725643638163,0.10768821699318509,,0.019887416202741964,1.3630734256312662,0.005411964665537258,0.003488537005873443,0.0061125220131579856,7.532700399411657e-08
2014-05-31,0.007137542683777024,0.020510973643674144,0.009057511388761506,0.019730354331092728,0.008933299380738566,0.10511691410272776,0.11593351338803659,0.002389971285599053,0.056618295781934114,0.05647832468315517,,0.018689179342807845,1.252497862726985,0.0,0.0014875592546505184,0.00014562608635611206,1.3704527193829124e-08
2014-06-30,0.0,0.003375566367156737,0.0,0.005353551485652828,0.002492745442173171,0.08977898612583415,0.04392419308782675,0.001232059467440896,0.014457291065059693,0.04577143585473849,,0.01681366895515608,1.1758109456342638,0.0,0.001401877499528821,3.135170350149858e-05,5.322097326318188e-09
2014-07-31,1.465732788479108e-06,0.002846652528873297,0.0,0.002607711882372732,0.005339174218958935,0.07769910642014446,0.019408617041535906,0.0008532620374602941,0.005662066438575814,0.047974869238914496,,0.015458474976677647,1.1387567990910021,0.0,0.0014157456780322455,3.051884821895623e-05,5.662567681939228e-09
2014-08-31,1.0649076446348802e-09,0.0048226651352387215,0.0,0.003705996550854313,0.009226070842691336,0.09509262644614982,0.018897137057855434,0.001179326283016362,0.004650394010119037,0.04494456161282319,,0.014378661090484707,1.121482649562424,0.0,0.0014021547456756702,3.22243693653396e-05,3.871043621953328e-09
2014-09-30,0.002187748465038524,0.014649866024577705,0.0016133652245079125,0.01464912695796856,0.003896307395767692,0.05980805638970648,0.006923575540388395,0.022821961529951095,0.00460489799082095,0.039677647185727305,,0.013795772275450981,1.107042359091348,0.0006067075220588235,0.00131776494642901,8.272402044021178e-05,3.3835619225728743e-09
2014-10-31,0.0,0.052499400610895905,0.08685660644469564,0.02513166124617061,0.02442512945102544,0.03779436678373648,0.01722987333483668,0.03820698772402554,0.012827927347357219,0.04190459750807372,,0.01317931161318902,1.110659906874745,0.0034015540441254886,0.0013929328874903058,0.00029274109992616804,2.7329648737633926e-09
2014-11-30,0.09977694490423764,0.09226091299392904,0.03372601981187308,0.08940423884264724,0.0721812564225252,0.04539496113941912,0.02592803494347117,0.033366251137371204,0.0449637919316105,0.09893967681582347,,0.012838231043212548,1.140038125078486,0.0025515853857098086,0.001656963192834315,0.007186192246403207,3.852197552309435e-08
2014-12-31,0.22558475290403385,0.2870129864669219,0.2728863227792844,0.22034492007013987,0.32691169880466875,0.049519521686826315,0.04445671384584723,0.12498660733701303,0.08803054192299221,0.27107551375857875,,0.09887608321686589,1.4070010192336744,0.018016018672274505,0.022071450244053256,0.010923556899974235,1.740408237726232e-07
2015-01-31,0.015716604744762608,0.12801696963472678,0.016904495751166964,0.05626468191296687,0.10438517453882036,0.029660508280737793,0.053761590240252004,0.04640330524509808,0.061145626118090435,0.18050569864400776,,0.07844436396232785,1.467047129386249,0.0013578785034784316,0.002215433192868577,0.0010289536732517564,6.598622230708133e-09
2015-02-28,0.09655300594468744,0.14228240177152643,0.1095829527862239,0.09524472102786498,0.11776326746541999,0.1290833110739596,0.10184045743848111,0.08157112085008582,0.12254442155577067,0.1571561098900061,,0.0655089880766745,1.5049020650973404,0.0056428101172627506,0.0022544077960845238,0.006346643962588711,7.454703124895493e-08
2015-03-31,0.01682741642078829,0.08653962526191179,0.016828834934591717,0.073147993574498,0.08075262038177605,0.1421220674178101,0.19128644808403308,0.025162542646495135,0.1361918572636108,0.09705780613612643,,0.054932994982851764,1.442863192593931,0.00016895185138431375,0.0017238940555188657,0.002383895555446871,1.014691035801476e-08
2015-04-30,0.049510601317417816,0.08773804393863727,0.048786875652443176,0.06912902701061308,0.09005941520590618,0.09141070498126211,0.17472105262805776,0.11743824810940795,0.09680552562105879,0.06663039765593086,0.06904826557763175,0.04815074587989334,1.3283533945965031,0.00888959263686666,0.0012243114565941827,0.0017670955474261235,1.509325503099268e-08
2015-05-31,0.05461454088493476,0.05962874361395375,0.04656593593081551,0.033863745395433964,0.048031338626466885,0.11604302462382429,0.12343446399113482,0.03946970696351057,0.05242522803034528,0.055679272362789904,0.05044154173937221,0.042097929354139606,1.2536173834425517,0.0021660310871921594,0.0011095919937050545,0.0007010736869927065,1.4105931936620269e-08
2015-06-30,0.00032242544066270635,0.009452593377380542,0.00010054221656429537,0.006891660190949616,0.0108832310977465,0.08865226201185923,0.06334033064862596,0.009942115371229658,0.019889234905096323,0.04662147021006172,0.04216929321984337,0.03721601091784784,1.1815384720391817,0.0,0.0009845169234746908,3.446803172843665e-05,3.5705461554480533e-09
2015-07-31,0.017081772006734212,0.026984916309819834,0.002893106162275604,0.004202970924175579,0.036030524115237265,0.14194302376964185,0.04879641132288566,0.005023807083467432,0.009001742374122816,0.04341931746603982,0.043783672651150136,0.03288468022854275,1.141351130207854,9.842181458823531e-06,0.0010140668883001041,2.8409801204201263e-05,4.351510368115763e-09
2015-08-31,0.0,0.0028087696636148133,0.0,0.003582193815251559,0.009892880173924704,0.0863933605587281,0.02447174191513088,0.003976328918772205,0.005683128147584678,0.03987432828587263,0.038829475133458066,0.029565275055686277,1.1168386531265995,0.0,0.000985050358725172,2.774265147080595e-05,1.5171131359988565e-09
2015-09-30,0.003967913700325321,0.017751951901673706,0.004608123744036503,0.014171281497185374,0.024680504157059677,0.061919342358343864,0.009484318569543916,0.020594341946238964,0.002237775116033744,0.03829622658817504,0.04280250680835926,0.027228794840646272,1.0996527567727628,0.00013823376698823527,0.0009385217911028531,5.9431891015744206e-05,1.894068040109148e-09
2015-10-31,0.095298336364062,0.06748331677384803,0.10429061864717389,0.09340361263409691,0.056852028609834494,0.04350665601336485,0.03157043686321822,0.03658266231739317,0.04617535556735116,0.04490484378019724,0.05059342831339669,0.025155424068869017,1.1105333915401228,0.002760980406580397,0.001056881892559909,0.0034323141623608666,1.7413399827184398e-08
2015-11-30,0.12968682532057396,0.13116710398305853,0.13436176537105518,0.0754402617217414,0.07968343132056302,0.05666068851252291,0.05749293820830436,0.10912190953350855,0.04511925651337953,0.12841292449609734,0.13564946051738133,0.025015308887943528,1.2277310225892388,0.008555774134788231,0.005297153247436023,0.0036282456978333497,6.120964227377243e-08
2015-12-31,0.15540178462439985,0.20025765993780348,0.16241337593445032,0.13940885906322056,0.1437396896120701,0.04585239388551702,0.046769695768094005,0.11717964457056304,0.05199877930311922,0.17890113277671138,0.19594150348751416,0.048361166863259614,1.3341096419350367,0.011750158530117662,0.005983613538890221,0.00629070720453733,3.680223160353857e-07
2016-01-31,0.20481865714366523,0.3746974363907484,0.32399266970204255,0.23568155877248353,0.572758306213212,0.06495415454170089,0.07155354221898387,0.12414414405346791,0.08085327022061053,0.32885290060162387,0.39009428352166237,0.14842240241503377,1.6099112178515227,0.01934395327261569,0.028820022404238158,0.013909137202810659,1.2427615834379527e-06
2016-02-29,0.0919231758150778,0.10960108969456332,0.01256870572592736,0.0919887234897432,0.2612385364365061,0.11743247131819168,0.12567066492963308,0.06489104024119156,0.1428510665748179,0.2724448099618152,0.35870366327418574,0.10366650006748863,1.7917316153528486,0.0010509835785058816,0.0916262603346984,0.007892796944706829,8.655975298421618e-08
2016-03-31,0.15063790762797455,0.17952498605004988,0.1574323094690665,0.18247003091095598,0.1855224762318435,0.16659147486288658,0.24137007833223686,0.1655901401030027,0.19419725985242653,0.25294211792746146,0.28442300957083255,0.0820867798156549,1.81132372971779,0.012586374540243146,0.09998588870494027,0.015236175509155191,4.2047558337520847e-07
2016-04-30,0.06535806680130224,0.127562816501512,0.0736369815483436,0.07397757928545125,0.08290303953370362,0.14053199279849635,0.28603820119275625,0.09630070253768683,0.18215265211914472,0.12244821167572714,0.12598327737772338,0.06675517184843295,1.6846853296641982,0.006372031704321578,0.038680377495692496,0.0060447642453841394,1.6036460691087268e-07
2016-05-31,0.02289759712375821,0.051466297924847804,0.021722229691733454,0.026698087260479675,0.026017812512326936,0.09641544660923956,0.2802091184248813,0.04600710926268742,0.09392975904332271,0.06190152439231521,0.05414310047209156,0.055461085437791366,1.5444141372846132,0.0023139543486196106,0.016609388550561367,0.00035822759172752985,6.074192026833459e-08
2016-06-30,0.003305226239616172,0.00887328777932211,0.0032593765988036504,0.006222535742518971,0.008616736586844191,0.06992572502204447,0.20205848719949063,0.012128205984268366,0.03679083086794893,0.04646388467943446,0.03658481164130775,0.04710942879583373,1.3730867731402472,0.0,0.010077113466335635,5.107182574734604e-05,3.620152555684085e-08
2016-07-31,0.0,0.0021796103459791735,0.0,0.002339464920423745,0.007923911974969002,0.07419294445708853,0.07963600130598227,0.006809712674171828,0.012559323760287915,0.04266089048406432,0.03653137752964499,0.04058806390141491,1.2591115508614013,0.0,0.008323182796239757,3.998057241371517e-05,2.4390062799434568e-08
2016-08-31,8.099016528727214e-06,0.002069819868857613,0.0,0.003309681560358418,0.0019335688210546352,0.07865065794992186,0.027983511500913206,0.005783410330526947,0.005186692246798853,0.03938919258478353,0.0376811192506305,0.03590312607904628,1.2073517262464466,0.0,0.0071764762514301824,3.779673303338963e-05,1.6893735205003795e-08
2016-09-30,0.0,0.009199068935903767,0.0,0.012233701181144814,0.0010763264636141092,0.059422722104818894,0.008774949484975005,0.009333972978001294,0.002230552487106282,0.03816984228455961,0.037237494111668615,0.03245623004059608,1.1835543414112357,0.0,0.006176544531304967,4.064295059533451e-05,1.2380355046270407e-08
2016-10-31,0.05575669917949914,0.08568542076503029,0.06936404885487105,0.0629574295998443,0.10732927908884343,0.05644917834111697,0.02788665662899652,0.15596139178608512,0.019021402515979353,0.051534892809648084,0.06352362135617509,0.02992501751326118,1.1909162662753618,0.011797077059345101,0.007311297915581354,0.0012957854012677031,2.531589661000266e-08
2016-11-30,0.04362181348338312,0.11179978136350335,0.0464844027607457,0.050150302353136306,0.08518771309918816,0.02991283434941079,0.03879441970758351,0.09906163141222558,0.041605350125804616,0.13080306205724557,0.15547364749647322,0.028260126919981178,1.296300656980816,0.0070739027202980365,0.007561506740014687,0.001760382504366573,3.87518377426325e-08
2016-12-31,0.19353961768197997,0.33255333363644984,0.21210148128502956,0.14751446202551433,0.22884908419103614,0.04359770886542042,0.041937039294096735,0.11421844167086209,0.04337678558045311,0.24833073576728903,0.23359439056171188,0.09793892606996078,1.4810010297081782,0.01700023517627843,0.019967825579448525,0.016929970095026663,8.065786844261853e-07
2017-01-31,0.4328340454891558,0.5858603854307556,0.42108902301584306,0.38036216422926383,0.5229303520256154,0.08063463756010991,0.07599372125491638,0.12084442174392376,0.12225231153421076,0.44883449703151845,0.4495511401229825,0.34182724195589026,1.9160802021412984,0.1664356164347412,0.47228787804971784,0.026890144924613953,4.642990591435569e-06
2017-02-28,0.2608343498990082,0.43017883815187186,0.3287476789707223,0.35136398135434327,0.38588935363002513,0.1172494283368661,0.12615211759947784,0.17621617627833694,0.1672103756158493,0.46598937076084807,0.48185508479770245,0.3576234574723514,2.1322508726871643,0.251532024312141,0.5951810638272609,0.049589239740348984,5.753512812662676e-06
2017-03-31,0.08417014516092997,0.11261854058437415,0.08701244982457139,0.0928552862972051,0.09684362720310871,0.1939634020028537,0.2298413361010004,0.2579103693457853,0.22005036557775232,0.2663380180783236,0.29314123077181914,0.1768298639062839,2.0225816601836284,0.005070069867450981,0.19342281442090067,0.014045977279246235,2.384815695243822e-06
2017-04-30,0.08794692247637338,0.13159204088073706,0.09370037609252882,0.09971754379304147,0.1354401415838433,0.1378108124869988,0.3047000181958924,0.23474419697165447,0.24863217348257668,0.16094016048849144,0.16282469349070428,0.11553305645216627,1.927276221987594,0.011169477124176475,0.09524891559542323,0.009572137842013542,1.4585913371106353e-06
2017-05-31,0.02027687405754568,0.028621552468961305,0.021658033689541067,0.02378901315385814,0.024923884407091226,0.13760741542520677,0.2827171580707189,0.08972334990480782,0.1624612954959846,0.0665043906011738,0.051332244048454274,0.08430852309072313,1.701701999243693,0.000674740983870588,0.03644027283947489,0.000680372194210228,8.755748459392831e-07
2017-06-30,0.0021300026502660842,0.003462319626090553,0.002017188687049701,0.006862457515150712,0.10893607089369373,0.09630032093771143,0.2179578419935973,0.033404824541857676,0.08240539099235335,0.046614865084173215,0.04125929352544809,0.06628366236089726,1.483618107740477,0.0,0.016789441418648236,0.00031261570202898966,4.996399580546501e-07
2017-07-31,0.0,0.0029945893708632635,0.0,0.0023332763749525053,0.13219807516544446,0.03817048381632495,0.10235927904577193,0.01929232508423149,0.025661500738096085,0.04027979013533001,0.03980141412857592,0.054669210065016474,1.3382331117332946,0.0,0.012741455972110191,0.00012968532080136883,2.757165628837427e-07
2017-08-31,0.0004086577051258962,0.004681357794833242,0.0,0.004124337261449808,0.006605305420772195,0.07583290633086888,0.059738196278905295,0.022636982918953767,0.009897273676832805,0.038629370215660194,0.037291792362642726,0.04683921529675294,1.2750221375939437,0.00013983049775686274,0.010691041132007625,0.0001107013873968337,1.6251938515108542e-07
2017-09-30,0.012385376596646035,0.019253261944968743,0.010485192854417373,0.02000899533557479,0.017809954353041182,0.08776919223516683,0.07246938815483783,0.06302921554269507,0.011359265963586117,0.039550034332776644,0.03984873203519706,0.04120486395422118,1.2655432476960926,0.004889791411168627,0.009138824169621517,0.00022174199122754857,1.0997592755691913e-07
2017-10-31,0.004613427137053461,0.014965317269277228,0.00394161061230775,0.022368513854176576,0.022196028893008698,0.03944114225027167,0.020994464003060303,0.009023220993280704,0.011074803960109163,0.04285771446851507,0.042796566943735785,0.03682166747216314,1.2437103239284424,0.0,0.008178244774515373,0.00019891767229862135,7.976280606180686e-08
2017-11-30,0.02752000440691854,0.04682458426015298,0.028576110961225955,0.0674675149793968,0.0943224150232747,0.04555072003557585,0.017412498403087406,0.04796077863208854,0.035135037283946874,0.06401966047160666,0.07676526933115303,0.033379831483532546,1.2584028859323046,0.0039109441738235246,0.007778764844833409,0.002672819896099747,9.731535723103424e-08
2017-12-31,0.004567399938491242,0.0605663863540976,0.005346463526108074,0.022768251058575974,0.05891496127184324,0.020006093339130504,0.01471837367262089,0.005957669535800781,0.02057283434717185,0.07969337359285063,0.07712642164751249,0.03040134871883294,1.2828934102365563,0.0,0.006529129675958845,0.0001492843185071253,5.4184036280121534e-08
2018-01-31,0.12693463148327555,0.1579767242823912,0.13035331293068855,0.14601452286914618,0.210597338662206,0.04277966567318152,0.04074072289394338,0.11737189216480144,0.08379664570312549,0.19785587703836574,0.17623209306955234,0.03120568476049568,1.3677965021045386,0.010084276178207839,0.008508419842411049,0.004104381256038254,1.7020834122473084e-07
2018-02-28,0.03103244564408562,0.08695318801094826,0.03884500046072654,0.04468237784924508,0.08448947396782336,0.06858358419516986,0.06394204354699952,0.018049137399374575,0.07293870595778557,0.13383779993028075,0.13941560340023929,0.028703705638952158,1.380128840558994,0.0003239390680588234,0.006031553579779255,0.0011810931619973414,6.341878292012731e-08
2018-03-31,0.2790360763920653,0.3466264641878661,0.2862528173380643,0.2873019904525104,0.30328621572823145,0.1312555669617643,0.20499467451460918,0.17426679929021507,0.1471755940328826,0.24188869457776374,0.26848030748788865,0.02962638996901647,1.63284082593101,0.014404576712682356,0.06459005058303406,0.02140313178322373,2.4431968764680105e-06
2018-04-30,0.05212438340973618,0.05257655105121957,0.05293246808670317,0.0681287061989463,0.0619169177626159,0.11587004880924916,0.2688536563499455,0.07843984827262881,0.18511005264414,0.1446846466041281,0.151230001971571,0.028759886806236864,1.6925354974197864,0.006120167231454907,0.05131701605782131,0.003283782402432152,3.6242454187266617e-07
2018-05-31,0.000397046422076857,0.015698959601257535,0.0002495611746946782,0.01785946228550043,0.02794001581835143,0.1351323383744479,0.23190850027630697,0.009146062277447808,0.07327065771628975,0.06467837319728335,0.04352272319285993,0.02623947864425412,1.51401012408847,0.00013851967961176468,0.018723195483749237,0.00024907958459670604,1.700218112388828e-07
2018-06-30,0.0,0.0029522303401799477,0.0,0.005430494604010814,0.0004938895782482418,0.10001467706316028,0.16691869161060227,0.001912829802798427,0.025771878224793855,0.05168803698554551,0.038935782695232485,0.023704220932216472,1.3593955739377361,0.0,0.00981987307481072,7.17008084710505e-05,1.1668888340050965e-07
2018-07-31,5.483266283519896e-05,0.008878366071395647,0.0,0.0024023486235589236,0.01026573367812149,0.03636698603271934,0.10371750765685316,0.0018029701432711665,0.010204602048666234,0.04242639561606637,0.03789605383724579,0.021144263760313725,1.2645314116700033,0.0,0.007950408754115929,6.703498983268601e-05,7.640926620497001e-08
2018-08-31,0.0,0.0020051130512697495,0.0,0.0033003241644752592,0.0021636984093684353,0.07477351470001854,0.04728846385062645,0.0015764473617980105,0.0061531015706807355,0.03956396507245631,0.03969768642735874,0.01970529393001412,1.2196532789008014,0.0,0.006760283335457646,6.534717246028341e-05,5.0695009184981326e-08
2018-09-30,0.0,0.006826699506729422,0.0,0.012327489028382993,0.0040170263316988515,0.06691531358800713,0.008545670276513276,0.001465106308141685,0.0025034346204611565,0.0381151888426948,0.03786655094662496,0.018557493921832157,1.1900251286378984,0.0,0.00580974873337287,6.928293342867625e-05,3.6010401732084106e-08
2018-10-31,0.012318452333567846,0.023003047743522034,0.020157902553687806,0.02806271430328847,0.02650341972401203,0.04653459603074827,0.036003199291527684,0.03273016619920277,0.014660145984895383,0.04507464747340133,0.05108745280166424,0.017423100246939608,1.2045870179227272,0.0028914475322392177,0.005883265308239566,0.001143890355854232,3.1857355400321994e-08
2018-11-30,0.12715382760271782,0.12413137975327773,0.1377043020165769,0.10667241407766467,0.17061071613491136,0.03440352361732153,0.020055830494739364,0.12349447053095744,0.03504406767770779,0.08931341990516291,0.08382882939054205,0.018480011556341963,1.2140293997196128,0.010076212433878433,0.008732197050191359,0.013170445195832959,3.7827626603613017e-07
2018-12-31,0.04606689548242431,0.10702976198793823,0.05271913655395795,0.07265516757508021,0.12735608675163607,0.03730888593983106,0.034525056507928704,0.06735680164392838,0.053519199281127194,0.25030296010818326,0.2825278013969746,0.01802938039998745,1.446866742138305,0.005490874524505887,0.0060214327340896,0.0015559970462554933,2.096024228696231e-07
2019-01-31,0.16052088667582426,0.26255641133315366,0.1828750781389339,0.20153752648339582,0.319958530364441,0.05975860927045118,0.06735407791637758,0.14595272604208262,0.09619368566949621,0.2936900167245254,0.3232486451058401,0.08430165849509647,1.619111645658279,0.015982865234929405,0.018433518898574256,0.00772212066304691,9.926201064462698e-07
2019-02-28,0.2696987233529985,0.2750234678150637,0.2830919400577632,0.25830502160461327,0.3423071761450851,0.10007810257267594,0.14111707210185814,0.20707694989364694,0.13304604723811822,0.3835423733361606,0.4322709427629207,0.15658509856205804,1.9234313518129504,0.05042091293604314,0.23796688330380078,0.02049532308308941,3.4367584941954396e-06
2019-03-31,0.2510774773928983,0.28974959124552296,0.2559749895250004,0.24019188390779514,0.24449978729299943,0.17509560262069054,0.249718652756435,0.21776405876314375,0.21547299118338414,0.2959745874348054,0.3237022223718111,0.12262456284902902,2.0079710649722164,0.04869378727088627,0.3561775424224946,0.01632565784863272,5.077251191902248e-06
2019-04-30,0.029149822674148364,0.04742785686358628,0.02652945056849094,0.06931752740334476,0.0581311630124536,0.13143120537779615,0.308867544885841,0.07210050993528828,0.20936231079779524,0.12691185870765415,0.11623246065305798,0.08680160127337412,1.8473177839385309,0.002535447211968629,0.07682096067028471,0.0013716136311548678,1.685016739783485e-06
2019-05-31,0.1663023341845084,0.13447451173074396,0.1654710955018341,0.0786078566975619,0.11598722740691542,0.15645537955806327,0.32776052066654565,0.2693958081167323,0.13673307230554757,0.1208748453848387,0.09756604670267449,0.07008982088683921,1.752702394494872,0.017162972456658813,0.04971544831791839,0.004729524391632889,1.1166771795898576e-06
2019-06-30,0.00047794209233127633,0.005463876652806914,0.0,0.0077406600947163345,0.006549496864358271,0.1317992182257639,0.386962399066798,0.017416013797657615,0.08133231808265227,0.09845006629420437,0.058722276257965764,0.05700340463575843,1.6598585968841508,0.0,0.041349388249742026,0.00010199968583631612,5.8133730960308e-07
2019-07-31,5.076405540631393e-06,0.0026191380880899013,0.0,0.002447098057738051,0.005282761183313587,0.09438922058976075,0.25292692625334406,0.01101386548446581,0.02345317109136733,0.04653688654504819,0.036699178015421455,0.047126363001072945,1.4127328028913515,0.0,0.017315227721407363,6.759473539850768e-05,3.474073042566404e-07
2019-08-31,0.0,0.0018979949107054796,0.0,0.003307192405914777,0.002044398447967393,0.07399913125906828,0.07824710600984223,0.008111102011546382,0.008546910738625136,0.04209110565461311,0.03890736236944319,0.04105570394834823,1.299557765632126,0.0,0.01258788792733592,5.990072392516174e-05,2.0543807142357943e-07
2019-09-30,6.501925523908484e-05,0.009697522388155057,0.0,0.012526058134018692,0.00507327986181052,0.07732524567086255,0.035164994137645934,0.008165949570105708,0.0034033050847040555,0.044122591112476225,0.04038374314510454,0.036414029721198435,1.2602891303624377,9.842181458823531e-06,0.010002484883153091,6.642353360350806e-05,1.3294977386927326e-07
2019-10-31,0.0,0.014567126554462764,0.0,0.01969456715071966,0.019335940006467725,0.034696127028592365,0.007123805414581224,0.0050076185652686385,0.007739316382942722,0.044493903194143716,0.04140296672193717,0.032852071627996866,1.2368409533822664,0.0,0.008771790500013501,0.0001832111980928659,9.530971275304159e-08
2019-11-30,0.08349249429549481,0.15254881674463483,0.14129927848423515,0.07313090954240196,0.15161893533507567,0.040656340984692216,0.006935642793925213,0.09571106760745883,0.009177377869310683,0.06262563413107783,0.06279680883456008,0.03023975990211765,1.235724243560886,0.0069323574187960795,0.00901841871009529,0.001204891658134925,1.1730207369998717e-07
2019-12-31,0.20538549708574413,0.2868786445519023,0.2083711304110503,0.2227070377497334,0.29875656565661074,0.057442004392708974,0.03776570167930191,0.15018750638769604,0.09543121380050763,0.2793967259252933,0.31712674161508314,0.07929098389865412,1.4459010792075226,0.012769788576003919,0.00991735923115207,0.01203232989415184,3.5793906247974064e-07
2020-01-31,0.05157437173223503,0.10933311854227994,0.05110233722362199,0.08239303166212056,0.13843773297033973,0.09066814005718268,0.03305751350759353,0.03768299609898341,0.056453230501978605,,0.2681794184950257,0.06466803889894902,1.513634161047487,0.0023102162746431393,0.0062702452204503245,0.0076360692600678575,8.893457498198771e-08
2020-02-29,0.00470141967481067,0.09610009292484678,0.00604573326970647,0.03224833934930455,0.06394329061114054,0.10699242541975042,0.11196459375413617,0.014485306852302943,0.0931286620001572,,0.15581100512844298,0.05367663949301961,1.6568883304654805,0.00030402016841960775,0.005099111992536676,0.00036209858760266947,7.142840121238255e-08
2020-03-31,0.20502463474287144,0.287114457281451,0.24306508711449684,0.1819807917082415,0.2177706584592938,0.12723708132363862,0.1965823734858351,0.12853248556620972,0.1534015161857272,,0.17096506487192598,0.05033486663840627,1.7147823008905674,0.010821133832831363,0.0072521954172943635,0.009283968938430826,4.308148151740905e-07
2020-04-30,0.20260239560492438,0.21820634019132912,0.23569639737387246,0.15111394272656967,0.206111826068318,0.20540697187195994,0.26530266929569707,0.17828266792115063,0.19063597090570714,,0.1606006866311832,0.04932897869422431,1.7224410707590192,0.014101121274015693,0.007366992319909532,0.0055000946897137155,8.217913372672319e-07
2020-05-31,0.01832686945205606,0.019755504820107607,0.02260739513365016,0.024771476254244484,0.025470710552512186,0.10370784455881886,0.26679281147828104,0.016870027636654072,0.09493585120975606,,0.052456599744013774,0.04105955362856157,1.5294739328781186,0.0004125531736784313,0.0036504021941673624,0.0005401277398719467,2.575854868294066e-07
2020-06-30,1.7703029207996576e-05,0.004336702685749076,0.0,0.007266092850891721,0.01083922543119289,0.11916152204090015,0.14829070003683914,0.003438082685729842,0.035546328308236376,,0.039702454827486175,0.03530926046107609,1.359131137031072,0.0,0.002800059138894519,5.8842789702557216e-05,1.5624846499094684e-07
2020-07-31,0.0,0.0019118602641115773,0.0,0.0023442871837832894,0.0043792580111507275,0.08867263776489746,0.04966540690452776,0.002254784154391852,0.013873117026163962,,0.03764346298501768,0.031067585034039214,1.255071418918995,0.0,0.0025621169979410064,4.031568806500995e-05,9.602455827863402e-08
2020-08-31,0.0,0.0031765694012186453,0.0,0.0033687906609920714,0.004597583440219976,0.07448686979430422,0.022734106175261885,0.001964049377661769,0.005933571347118174,,0.040740402103865855,0.028064440152144318,1.2089394964423068,0.0,0.002395417558571145,3.936021149150976e-05,6.178756530054317e-08
2020-09-30,0.0,0.0066961162361337916,0.0,0.012367563167668532,0.01821922223667008,0.04589425097854205,0.020692823366585122,0.0017297979472638222,0.008461063776259463,,0.03919340814318138,0.02596158006051137,1.188352053845022,0.0,0.0022156430662504446,6.548930828452076e-05,4.281189226233749e-08
2020-10-31,0.0,0.020862815959822055,0.0,0.020262612429344178,0.016677938138869933,0.04145145117220849,0.0121683201278341,0.002378643716222973,0.01005940953828702,,0.038383253861188765,0.024106332939043136,1.1812149332374502,0.0,0.002216214452438961,0.00013368887604792967,3.243277549794608e-08
2020-11-30,0.024648372079625853,0.052090460817670305,0.026964991596234136,0.04161408018164209,0.10249461058809402,0.03251980682560489,0.030215338556270704,0.03694891274297735,0.028141237808435617,,0.06818311433584695,0.022563165828919218,1.228564130713405,0.003760286423678426,0.0034713407061199284,0.0011339759405034435,3.9009877004236336e-08
2020-12-31,0.046590474564947575,0.14222212938983586,0.053230103898107436,0.06848949734442625,0.16449849045797624,0.028975274863015037,0.030541552834454123,0.06019907740310047,0.03389635300424118,,0.07474507110392777,0.021321995973170197,1.3013379094714248,0.005080680935192157,0.004169853583630022,0.0013600181005018039,4.879307141984375e-08
2021-01-31,0.17333050237080902,0.2785064567273993,0.18868788238916315,0.16447306829799857,0.23662501669147015,0.047095791478741114,0.05745836154664942,0.1212223283475109,0.05794434973083528,,0.11132181864237692,0.02820751096731608,1.4608852577590206,0.010781349018968614,0.004630246293298488,0.010883834171894043,2.303018434024942e-07
2021-02-28,0.027350630414694196,0.08926263566118066,0.019215508596434058,0.049275703993174935,0.07654147589262797,0.07392572802542313,0.09364773775598212,0.034525367211523474,0.09247159782706199,,0.1590566395621396,0.024704229465951372,1.5356769271148811,0.0028559307475098045,0.001969342575934606,0.0016034203627299753,6.976725949963622e-08
2021-03-31,0.09403335934512211,0.13214758360015957,0.09620689667051183,0.10415664676141834,0.1211818196354879,0.1340534648577074,0.17544515764990215,0.0866378475802199,0.12386502857808508,,0.12379459609520325,0.022885524101722354,1.4984628460705804,0.006855736210282359,0.0022928301423097725,0.003814476037271127,1.4245505003978224e-07
2021-04-30,0.014103687253316304,0.053693059508287656,0.01808687661094272,0.03616415840694549,0.02520362367434444,0.11024818198244596,0.18347973867679845,0.020917229738698754,0.09693314394229395,,0.059180933454602486,0.02404064673711686,1.362562176757931,0.001191484265984313,0.0017617630551621222,0.0005625170821168277,3.747201627280432e-08
2021-05-31,2.1617792718155856e-09,0.013445192869939527,0.0,0.01556037841044883,0.01554224642292057,0.12433187111501777,0.09717909786953662,0.0009496683721058095,0.030525847839031717,,0.04039063118053176,0.022478328978170984,1.2597112739050023,0.0,0.0015488652355468728,8.918120563768869e-05,2.3535749162217215e-08
2021-06-30,0.0,0.0026727184691947847,0.0,0.00714634991443223,0.009504878256014811,0.08033387212847996,0.03995932385893277,0.0008254084629769873,0.012566771858896097,,0.03753131482673669,0.020051509235149808,1.1966325086864469,0.0,0.001448472191142595,4.298949431110168e-05,1.8522949316916044e-08
2021-07-31,0.0007402503835645508,0.006214762555282531,0.00021099555971977087,0.0024069640081062467,0.007946080067724279,0.05760188066872107,0.02584887199813461,0.0007513408372544601,0.005291391999720246,,0.03717094377353789,0.018189502933032155,1.1599539759738484,0.0,0.0014591997260160914,3.1370599589289005e-05,1.4222163741798026e-08
2021-08-31,0.0,0.0017567711000039841,0.0,0.0033112337368274413,0.0034120812962299208,0.06541752121840409,0.0131672412186243,0.0006687645877908344,0.0022784776864779796,,0.03980092622763111,0.017094192573741177,1.1353036806328474,0.0,0.0014207962411262847,3.120540890712728e-05,1.0757561976017907e-08
2021-09-30,0.00041206282979804,0.00763921102848334,7.813585136999131e-07,0.013117328059926173,0.006649624334062642,0.04581014443177187,0.006261864708502734,0.0020574755283014807,0.0009939838099321558,,0.04068341312022854,0.016139327994779608,1.1206532661159634,0.0,0.0013511090350114686,4.500293297998999e-05,8.805052173101202e-09
